RoutingID,RoutingType,DesNetwork,DesMsgID,DesMsgName,DesSigName,DesSigStartbit,DesSigLength,DesMuxedValue,SrcNetwork,SrcMsgID,SrcMsgName,SrcSigName,SrcSigStartbit,SrcSigLength,SrcMuxedValue,SigConversionID
CHA1070708_BOD1070708,Msg,Chassis_CAN,0x107,BCM_STAT_CENTRAL_LOCK,CHKSM_BCM_CENTRAL_LOCK,7,8,,Body_CAN,0x107,BCM_STAT_CENTRAL_LOCK,CHKSM_BCM_CENTRAL_LOCK,7,8,,SCF0
CHA1071104_BOD1071104,Msg,Chassis_CAN,0x107,BCM_STAT_CENTRAL_LOCK,ALV_BCM_CENTRAL_LOCK,11,4,,Body_CAN,0x107,BCM_STAT_CENTRAL_LOCK,ALV_BCM_CENTRAL_LOCK,11,4,,SCF0
CHA1071502_BOD1071502,Msg,Chassis_CAN,0x107,BCM_STAT_CENTRAL_LOCK,STAT_CDL_LED,15,2,,Body_CAN,0x107,BCM_STAT_CENTRAL_LOCK,STAT_CDL_LED,15,2,,SCF0
CHA1071702_BOD1071702,Msg,Chassis_CAN,0x107,BCM_STAT_CENTRAL_LOCK,STAT_DoorUnlockFL,17,2,,Body_CAN,0x107,BCM_STAT_CENTRAL_LOCK,STAT_DoorUnlockFL,17,2,,SCF0
CHA1072003_BOD1072003,Msg,Chassis_CAN,0x107,BCM_STAT_CENTRAL_LOCK,STAT_ATWS,20,3,,Body_CAN,0x107,BCM_STAT_CENTRAL_LOCK,STAT_ATWS,20,3,,SCF0
CHA1072302_BOD1072302,Msg,Chassis_CAN,0x107,BCM_STAT_CENTRAL_LOCK,STAT_DoorLockFL,23,2,,Body_CAN,0x107,BCM_STAT_CENTRAL_LOCK,STAT_DoorLockFL,23,2,,SCF0
CHA10A0708_BOD10A0708,Msg,Chassis_CAN,0x10a,BCM_VOLTAGE,CHKSM_BCM_VOLTAGE,7,8,,Body_CAN,0x10a,BCM_VOLTAGE,CHKSM_BCM_VOLTAGE,7,8,,SCF0
CHA10A1104_BOD10A1104,Msg,Chassis_CAN,0x10a,BCM_VOLTAGE,ALIVE_BCM_VOLTAGE,11,4,,Body_CAN,0x10a,BCM_VOLTAGE,ALIVE_BCM_VOLTAGE,11,4,,SCF0
CHA10A2314_BOD10A2314,Msg,Chassis_CAN,0x10a,BCM_VOLTAGE,UBatt,23,14,,Body_CAN,0x10a,BCM_VOLTAGE,UBatt,23,14,,SCF0
CHA10A3908_BOD10A3908,Msg,Chassis_CAN,0x10a,BCM_VOLTAGE,LV_Batt_Temp,39,8,,Body_CAN,0x10a,BCM_VOLTAGE,LV_Batt_Temp,39,8,,SCF0
CHA10A4708_BOD10A4708,Msg,Chassis_CAN,0x10a,BCM_VOLTAGE,LV_SOC,47,8,,Body_CAN,0x10a,BCM_VOLTAGE,LV_SOC,47,8,,SCF0
CHA10A5516_BOD10A5516,Msg,Chassis_CAN,0x10a,BCM_VOLTAGE,LV_Batt_Current,55,16,,Body_CAN,0x10a,BCM_VOLTAGE,LV_Batt_Current,55,16,,SCF0
CHA1120708_BOD1120708,Msg,Chassis_CAN,0x112,BCM_CLAMP_STAT,CHKSM_BCM_CLAMP_STAT,7,8,,Body_CAN,0x112,BCM_CLAMP_STAT,CHKSM_BCM_CLAMP_STAT,7,8,,SCF0
CHA1121104_BOD1121104,Msg,Chassis_CAN,0x112,BCM_CLAMP_STAT,ALIVE_BCM_CLAMP_STAT,11,4,,Body_CAN,0x112,BCM_CLAMP_STAT,ALIVE_BCM_CLAMP_STAT,11,4,,SCF0
CHA1121302_BOD1121302,Msg,Chassis_CAN,0x112,BCM_CLAMP_STAT,RemoteFunctionState,13,2,,Body_CAN,0x112,BCM_CLAMP_STAT,RemoteFunctionState,13,2,,SCF0
CHA1121502_BOD1121502,Msg,Chassis_CAN,0x112,BCM_CLAMP_STAT,STAT_BLS,15,2,,Body_CAN,0x112,BCM_CLAMP_STAT,STAT_BLS,15,2,,SCF0
CHA1121702_BOD1121702,Msg,Chassis_CAN,0x112,BCM_CLAMP_STAT,STAT_CL_50_L,17,2,,Body_CAN,0x112,BCM_CLAMP_STAT,STAT_CL_50_L,17,2,,SCF0
CHA1121902_BOD1121902,Msg,Chassis_CAN,0x112,BCM_CLAMP_STAT,Clamp50AdviceRemoteStart,19,2,,Body_CAN,0x112,BCM_CLAMP_STAT,Clamp50AdviceRemoteStart,19,2,,SCF0
CHA1122102_BOD1122102,Msg,Chassis_CAN,0x112,BCM_CLAMP_STAT,Clamp50AdviceESS,21,2,,Body_CAN,0x112,BCM_CLAMP_STAT,Clamp50AdviceESS,21,2,,SCF0
CHA1122502_BOD1122502,Msg,Chassis_CAN,0x112,BCM_CLAMP_STAT,STAT_CL_R_L,25,2,,Body_CAN,0x112,BCM_CLAMP_STAT,STAT_CL_R_L,25,2,,SCF0
CHA1122702_BOD1122702,Msg,Chassis_CAN,0x112,BCM_CLAMP_STAT,STAT_CL_15_1_L,27,2,,Body_CAN,0x112,BCM_CLAMP_STAT,STAT_CL_15_1_L,27,2,,SCF0
CHA1122902_BOD1122902,Msg,Chassis_CAN,0x112,BCM_CLAMP_STAT,STAT_CL_15_1_DME_L,29,2,,Body_CAN,0x112,BCM_CLAMP_STAT,STAT_CL_15_1_DME_L,29,2,,SCF0
CHA1123102_BOD1123102,Msg,Chassis_CAN,0x112,BCM_CLAMP_STAT,FobId,31,2,,Body_CAN,0x112,BCM_CLAMP_STAT,FobId,31,2,,SCF0
CHA1123403_BOD1123403,Msg,Chassis_CAN,0x112,BCM_CLAMP_STAT,STAT_Terminal,34,3,,Body_CAN,0x112,BCM_CLAMP_STAT,STAT_Terminal,34,3,,SCF0
CHA1123602_BOD1123602,Msg,Chassis_CAN,0x112,BCM_CLAMP_STAT,STAT_CL30_C_BEV,36,2,,Body_CAN,0x112,BCM_CLAMP_STAT,STAT_CL30_C_BEV,36,2,,SCF0
CHA1123903_BOD1123903,Msg,Chassis_CAN,0x112,BCM_CLAMP_STAT,BCM_Clamp_Transport,39,3,,Body_CAN,0x112,BCM_CLAMP_STAT,BCM_Clamp_Transport,39,3,,SCF0
CHA1F80708_PWT1F80708,Msg,Chassis_CAN,0x1f8,EDS_OutPut_FR,CHKSM_EDS_OutPut_FR,7,8,,PT_CAN,0x1f8,EDS_OutPut_FR,CHKSM_EDS_OutPut_FR,7,8,,SCF0
CHA1F80708_PWT1F80708,Msg,Chassis_CAN,0x1f8,EDS_OutPut_FR,CHKSM_EDS_OutPut_FR,7,8,,PT_CAN,0x1f8,EDS_OutPut_FR,CHKSM_EDS_OutPut_FR,7,8,,SCF0
CHA1F81104_PWT1F81104,Msg,Chassis_CAN,0x1f8,EDS_OutPut_FR,ALV_EDS_OutPut_FR,11,4,,PT_CAN,0x1f8,EDS_OutPut_FR,ALV_EDS_OutPut_FR,11,4,,SCF0
CHA1F81504_PWT1F81504,Msg,Chassis_CAN,0x1f8,EDS_OutPut_FR,EDS_Work_STS_FR,15,4,,PT_CAN,0x1f8,EDS_OutPut_FR,EDS_Work_STS_FR,15,4,,SCF0
CHA1F82316_PWT1F82316,Msg,Chassis_CAN,0x1f8,EDS_OutPut_FR,EDS_Spd_FR,23,16,,PT_CAN,0x1f8,EDS_OutPut_FR,EDS_Spd_FR,23,16,,SCF0
CHA1F83302_PWT1F83302,Msg,Chassis_CAN,0x1f8,EDS_OutPut_FR,EDS_output_trqValid_FR,33,2,,PT_CAN,0x1f8,EDS_OutPut_FR,EDS_output_trqValid_FR,33,2,,SCF0
CHA1F83502_PWT1F83502,Msg,Chassis_CAN,0x1f8,EDS_OutPut_FR,EDS_MotorDriveSts_FR,35,2,,PT_CAN,0x1f8,EDS_OutPut_FR,EDS_MotorDriveSts_FR,35,2,,SCF0
CHA1F83702_PWT1F83702,Msg,Chassis_CAN,0x1f8,EDS_OutPut_FR,EDS_powoff_req_FR,37,2,,PT_CAN,0x1f8,EDS_OutPut_FR,EDS_powoff_req_FR,37,2,,SCF0
CHA1F83902_PWT1F83902,Msg,Chassis_CAN,0x1f8,EDS_OutPut_FR,EDS_SpdValid_FR,39,2,,PT_CAN,0x1f8,EDS_OutPut_FR,EDS_SpdValid_FR,39,2,,SCF0
CHA1F84716_PWT1F84716,Msg,Chassis_CAN,0x1f8,EDS_OutPut_FR,EDS_output_trq_FR,47,16,,PT_CAN,0x1f8,EDS_OutPut_FR,EDS_output_trq_FR,47,16,,SCF0
CHA1F86302_PWT1F86302,Msg,Chassis_CAN,0x1f8,EDS_OutPut_FR,EDS_VCU_6SO_flag_FWD,63,2,,PT_CAN,0x1f8,EDS_OutPut_FR,EDS_VCU_6SO_flag_FWD,63,2,,SCF0
CHA1F90708_PWT1F90708,Msg,Chassis_CAN,0x1f9,EDS_OutPut_RR,CHKSM_EDS_OutPut_RR,7,8,,PT_CAN,0x1f9,EDS_OutPut_RR,CHKSM_EDS_OutPut_RR,7,8,,SCF0
CHA1F91104_PWT1F91104,Msg,Chassis_CAN,0x1f9,EDS_OutPut_RR,ALV_EDS_OutPut_RR,11,4,,PT_CAN,0x1f9,EDS_OutPut_RR,ALV_EDS_OutPut_RR,11,4,,SCF0
CHA1F91504_PWT1F91504,Msg,Chassis_CAN,0x1f9,EDS_OutPut_RR,EDS_Work_STS_RR,15,4,,PT_CAN,0x1f9,EDS_OutPut_RR,EDS_Work_STS_RR,15,4,,SCF0
CHA1F92316_PWT1F92316,Msg,Chassis_CAN,0x1f9,EDS_OutPut_RR,EDS_Spd_RR,23,16,,PT_CAN,0x1f9,EDS_OutPut_RR,EDS_Spd_RR,23,16,,SCF0
CHA1F93302_PWT1F93302,Msg,Chassis_CAN,0x1f9,EDS_OutPut_RR,EDS_output_trqValid_RR,33,2,,PT_CAN,0x1f9,EDS_OutPut_RR,EDS_output_trqValid_RR,33,2,,SCF0
CHA1F93502_PWT1F93502,Msg,Chassis_CAN,0x1f9,EDS_OutPut_RR,EDS_MotorDriveSts_RR,35,2,,PT_CAN,0x1f9,EDS_OutPut_RR,EDS_MotorDriveSts_RR,35,2,,SCF0
CHA1F93702_PWT1F93702,Msg,Chassis_CAN,0x1f9,EDS_OutPut_RR,EDS_powoff_req_RR,37,2,,PT_CAN,0x1f9,EDS_OutPut_RR,EDS_powoff_req_RR,37,2,,SCF0
CHA1F93902_PWT1F93902,Msg,Chassis_CAN,0x1f9,EDS_OutPut_RR,EDS_SpdValid_RR,39,2,,PT_CAN,0x1f9,EDS_OutPut_RR,EDS_SpdValid_RR,39,2,,SCF0
CHA1F94716_PWT1F94716,Msg,Chassis_CAN,0x1f9,EDS_OutPut_RR,EDS_output_trq_RR,47,16,,PT_CAN,0x1f9,EDS_OutPut_RR,EDS_output_trq_RR,47,16,,SCF0
CHA1F96302_PWT1F96302,Msg,Chassis_CAN,0x1f9,EDS_OutPut_RR,EDS_VCU_6SO_flag_RWD,63,2,,PT_CAN,0x1f9,EDS_OutPut_RR,EDS_VCU_6SO_flag_RWD,63,2,,SCF0
CHA20C0708_INF20C0708,Msg,Chassis_CAN,0x20c,IC_ODO,CHKSM_IC_ODO,7,8,,Info_CAN,0x20c,IC_ODO,CHKSM_IC_ODO,7,8,,SCF0
CHA20C1104_INF20C1104,Msg,Chassis_CAN,0x20c,IC_ODO,ALIV_IC_ODO,11,4,,Info_CAN,0x20c,IC_ODO,ALIV_IC_ODO,11,4,,SCF0
CHA20C2320_INF20C2320,Msg,Chassis_CAN,0x20c,IC_ODO,MHU_Odometer_IC,23,20,,Info_CAN,0x20c,IC_ODO,MHU_Odometer_IC,23,20,,SCF0
CHA2CA0708_INF2CA0708,Msg,Chassis_CAN,0x2ca,IC_SENSOR,CHKSM_IC_SENSOR,7,8,,Info_CAN,0x2ca,IC_SENSOR,CHKSM_IC_SENSOR,7,8,,SCF0
CHA2CA1104_INF2CA1104,Msg,Chassis_CAN,0x2ca,IC_SENSOR,ALV_IC_SENSOR,11,4,,Info_CAN,0x2ca,IC_SENSOR,ALV_IC_SENSOR,11,4,,SCF0
CHA2CA2308_INF2CA2308,Msg,Chassis_CAN,0x2ca,IC_SENSOR,MHU_STAT_AmbientTempRaw,23,8,,Info_CAN,0x2ca,IC_SENSOR,MHU_STAT_AmbientTempRaw,23,8,,SCF0
CHA2CA3108_INF2CA3108,Msg,Chassis_CAN,0x2ca,IC_SENSOR,MHU_STAT_FuelLevel,31,8,,Info_CAN,0x2ca,IC_SENSOR,MHU_STAT_FuelLevel,31,8,,SCF0
CHA2CA3908_INF2CA3908,Msg,Chassis_CAN,0x2ca,IC_SENSOR,MHU_STAT_AmbientTemp,39,8,,Info_CAN,0x2ca,IC_SENSOR,MHU_STAT_AmbientTemp,39,8,,SCF0
CHA2CA4702_INF2CA4702,Msg,Chassis_CAN,0x2ca,IC_SENSOR,MHU_STAT_CoolantLevelStatus,47,2,,Info_CAN,0x2ca,IC_SENSOR,MHU_STAT_CoolantLevelStatus,47,2,,SCF0
CHA2F80708_INF2F80708,Msg,Chassis_CAN,0x2f8,MHU_DATE_TIME,DISP_HR,7,8,,Info_CAN,0x2f8,MHU_DATE_TIME,DISP_HR,7,8,,SCF0
CHA2F81508_INF2F81508,Msg,Chassis_CAN,0x2f8,MHU_DATE_TIME,DISP_MN,15,8,,Info_CAN,0x2f8,MHU_DATE_TIME,DISP_MN,15,8,,SCF0
CHA2F82308_INF2F82308,Msg,Chassis_CAN,0x2f8,MHU_DATE_TIME,DISP_SEC,23,8,,Info_CAN,0x2f8,MHU_DATE_TIME,DISP_SEC,23,8,,SCF0
CHA2F83108_INF2F83108,Msg,Chassis_CAN,0x2f8,MHU_DATE_TIME,DISP_DATE_DAY,31,8,,Info_CAN,0x2f8,MHU_DATE_TIME,DISP_DATE_DAY,31,8,,SCF0
CHA2F83504_INF2F83504,Msg,Chassis_CAN,0x2f8,MHU_DATE_TIME,DISP_DATE_MON,35,4,,Info_CAN,0x2f8,MHU_DATE_TIME,DISP_DATE_MON,35,4,,SCF0
CHA2F83904_INF2F83904,Msg,Chassis_CAN,0x2f8,MHU_DATE_TIME,DISP_DATE_WDAY,39,4,,Info_CAN,0x2f8,MHU_DATE_TIME,DISP_DATE_WDAY,39,4,,SCF0
CHA2F84716_INF2F84716,Msg,Chassis_CAN,0x2f8,MHU_DATE_TIME,DISP_DATE_YR,47,16,,Info_CAN,0x2f8,MHU_DATE_TIME,DISP_DATE_YR,47,16,,SCF0
CHA2F86304_INF2F86304,Msg,Chassis_CAN,0x2f8,MHU_DATE_TIME,ST_DISP_CTI_DATE,63,4,,Info_CAN,0x2f8,MHU_DATE_TIME,ST_DISP_CTI_DATE,63,4,,SCF0
CHA3020708_BOD3020708,Msg,Chassis_CAN,0x302,CCU_TEMP_PRESSURE,CHKSM_CCU_TEMP_PRESSURE,7,8,,Body_CAN,0x302,CCU_TEMP_PRESSURE,CHKSM_CCU_TEMP_PRESSURE,7,8,,SCF0
CHA3021104_BOD3021104,Msg,Chassis_CAN,0x302,CCU_TEMP_PRESSURE,ALV_CCU_TEMP_PRESSURE,11,4,,Body_CAN,0x302,CCU_TEMP_PRESSURE,ALV_CCU_TEMP_PRESSURE,11,4,,SCF0
CHA3022306_BOD3022306,Msg,Chassis_CAN,0x302,CCU_TEMP_PRESSURE,CCU_Pressure_AC,23,6,,Body_CAN,0x302,CCU_TEMP_PRESSURE,CCU_Pressure_AC,23,6,,SCF0
CHA3023108_BOD3023108,Msg,Chassis_CAN,0x302,CCU_TEMP_PRESSURE,CCU_InteriorTemp,31,8,,Body_CAN,0x302,CCU_TEMP_PRESSURE,CCU_InteriorTemp,31,8,,SCF0
CHA3023908_BOD3023908,Msg,Chassis_CAN,0x302,CCU_TEMP_PRESSURE,CCU_TempEx_AC,39,8,,Body_CAN,0x302,CCU_TEMP_PRESSURE,CCU_TempEx_AC,39,8,,SCF0
CHA3024708_BOD3024708,Msg,Chassis_CAN,0x302,CCU_TEMP_PRESSURE,CCU_EvaporatorTemp,47,8,,Body_CAN,0x302,CCU_TEMP_PRESSURE,CCU_EvaporatorTemp,47,8,,SCF0
CHA3310724_BOD3300724,Msg,Chassis_CAN,0x331,IC_MILEAGE,MILE_KM,7,24,,Body_CAN,0x330,IC_MILEAGE,MILE_KM,7,24,,SCF0
CHA3313108_BOD3303108,Msg,Chassis_CAN,0x331,IC_MILEAGE,FLLV_FUTA,31,8,,Body_CAN,0x330,IC_MILEAGE,FLLV_FUTA,31,8,,SCF0
CHA3315112_BOD3305112,Msg,Chassis_CAN,0x331,IC_MILEAGE,RNG,51,12,,Body_CAN,0x330,IC_MILEAGE,RNG,51,12,,SCF0
CHA3315502_BOD3305502,Msg,Chassis_CAN,0x331,IC_MILEAGE,ST_FLLV_FUTA_SPAR,55,2,,Body_CAN,0x330,IC_MILEAGE,ST_FLLV_FUTA_SPAR,55,2,,SCF0
CHA3800708_BOD3800708,Msg,Chassis_CAN,0x380,BCM_VEHICLE_IDENT_NUMBER,VIN_Byte1,7,8,,Body_CAN,0x380,BCM_VEHICLE_IDENT_NUMBER,VIN_Byte1,7,8,,SCF0
CHA3801508_BOD3801508,Msg,Chassis_CAN,0x380,BCM_VEHICLE_IDENT_NUMBER,VIN_Byte2,15,8,,Body_CAN,0x380,BCM_VEHICLE_IDENT_NUMBER,VIN_Byte2,15,8,,SCF0
CHA3802308_BOD3802308,Msg,Chassis_CAN,0x380,BCM_VEHICLE_IDENT_NUMBER,VIN_Byte3,23,8,,Body_CAN,0x380,BCM_VEHICLE_IDENT_NUMBER,VIN_Byte3,23,8,,SCF0
CHA3803108_BOD3803108,Msg,Chassis_CAN,0x380,BCM_VEHICLE_IDENT_NUMBER,VIN_Byte4,31,8,,Body_CAN,0x380,BCM_VEHICLE_IDENT_NUMBER,VIN_Byte4,31,8,,SCF0
CHA3803908_BOD3803908,Msg,Chassis_CAN,0x380,BCM_VEHICLE_IDENT_NUMBER,VIN_Byte5,39,8,,Body_CAN,0x380,BCM_VEHICLE_IDENT_NUMBER,VIN_Byte5,39,8,,SCF0
CHA3804708_BOD3804708,Msg,Chassis_CAN,0x380,BCM_VEHICLE_IDENT_NUMBER,VIN_Byte6,47,8,,Body_CAN,0x380,BCM_VEHICLE_IDENT_NUMBER,VIN_Byte6,47,8,,SCF0
CHA3805508_BOD3805508,Msg,Chassis_CAN,0x380,BCM_VEHICLE_IDENT_NUMBER,VIN_Byte7,55,8,,Body_CAN,0x380,BCM_VEHICLE_IDENT_NUMBER,VIN_Byte7,55,8,,SCF0
CHA40B0102_INF40B0102,Msg,Chassis_CAN,0x40b,MHU_Avas_Setting,MHU_SET_AvasSound,1,2,,Info_CAN,0x40b,MHU_Avas_Setting,MHU_SET_AvasSound,1,2,,SCF0
CHA4280001_BOD4814001,Sig,Chassis_CAN,0x428,XGW_CH_1,BCM_Keyfob_Leftcar,0,1,,Body_CAN,0x481,BCM_WarnMsg,BCM_Keyfob_Leftcar,40,1,,SCF0
CHA4320708_INF4320708,Msg,Chassis_CAN,0x432,MHU_FOTA_STATUS,MHU_FOTA_Checksum,7,8,,Info_CAN,0x432,MHU_FOTA_STATUS,MHU_FOTA_Checksum,7,8,,SCF0
CHA4321104_INF4321104,Msg,Chassis_CAN,0x432,MHU_FOTA_STATUS,MHU_FOTA_Alive_Counter,11,4,,Info_CAN,0x432,MHU_FOTA_STATUS,MHU_FOTA_Alive_Counter,11,4,,SCF0
CHA4321504_INF4321504,Msg,Chassis_CAN,0x432,MHU_FOTA_STATUS,MHU_FOTA_State,15,4,,Info_CAN,0x432,MHU_FOTA_STATUS,MHU_FOTA_State,15,4,,SCF0
CHA4322308_INF4322308,Msg,Chassis_CAN,0x432,MHU_FOTA_STATUS,MHU_FOTA_Error_Code,23,8,,Info_CAN,0x432,MHU_FOTA_STATUS,MHU_FOTA_Error_Code,23,8,,SCF0
CHA4470708_INF4470708,Msg,Chassis_CAN,0x447,MHU_CarMode_Switch,CHKSM_MHU_SET_CarMode,7,8,,Info_CAN,0x447,MHU_CarMode_Switch,CHKSM_MHU_SET_CarMode,7,8,,SCF0
CHA4471104_INF4471104,Msg,Chassis_CAN,0x447,MHU_CarMode_Switch,ALV_MHU_SET_CarMode,11,4,,Info_CAN,0x447,MHU_CarMode_Switch,ALV_MHU_SET_CarMode,11,4,,SCF0
CHA4471702_INF4471702,Msg,Chassis_CAN,0x447,MHU_CarMode_Switch,MHU_Request_CarOFF,17,2,,Info_CAN,0x447,MHU_CarMode_Switch,MHU_Request_CarOFF,17,2,,SCF0
CHA4471902_INF4471902,Msg,Chassis_CAN,0x447,MHU_CarMode_Switch,MHU_SET_ChildMode,19,2,,Info_CAN,0x447,MHU_CarMode_Switch,MHU_SET_ChildMode,19,2,,SCF0
CHA4472102_INF4472102,Msg,Chassis_CAN,0x447,MHU_CarMode_Switch,MHU_SET_GameMode,21,2,,Info_CAN,0x447,MHU_CarMode_Switch,MHU_SET_GameMode,21,2,,SCF0
CHA4472302_INF4472302,Msg,Chassis_CAN,0x447,MHU_CarMode_Switch,MHU_SET_KaraokeMode,23,2,,Info_CAN,0x447,MHU_CarMode_Switch,MHU_SET_KaraokeMode,23,2,,SCF0
CHA4473102_INF4473102,Msg,Chassis_CAN,0x447,MHU_CarMode_Switch,MHU_SET_WashMode,31,2,,Info_CAN,0x447,MHU_CarMode_Switch,MHU_SET_WashMode,31,2,,SCF0
CHA4473302_INF4473302,Msg,Chassis_CAN,0x447,MHU_CarMode_Switch,MHU_SET_StopMode,33,2,,Info_CAN,0x447,MHU_CarMode_Switch,MHU_SET_StopMode,33,2,,SCF0
CHA68F0708_DIA68F0708,Msg,Chassis_CAN,0x68f,YSS_DiagReq,YSS_DiagReqData0,7,8,,Diag_CAN,0x68f,YSS_DiagReq,YSS_DiagReqData0,7,8,,SCF0
CHA68F0708_INF68F0708,Msg,Chassis_CAN,0x68f,YSS_DiagReq,YSS_DiagReqData0,7,8,,Info_CAN,0x68f,YSS_DiagReq,YSS_DiagReqData0,7,8,,SCF0
CHA68F1508_DIA68F1508,Msg,Chassis_CAN,0x68f,YSS_DiagReq,YSS_DiagReqData1,15,8,,Diag_CAN,0x68f,YSS_DiagReq,YSS_DiagReqData1,15,8,,SCF0
CHA68F1508_INF68F1508,Msg,Chassis_CAN,0x68f,YSS_DiagReq,YSS_DiagReqData1,15,8,,Info_CAN,0x68f,YSS_DiagReq,YSS_DiagReqData1,15,8,,SCF0
CHA68F2308_DIA68F2308,Msg,Chassis_CAN,0x68f,YSS_DiagReq,YSS_DiagReqData2,23,8,,Diag_CAN,0x68f,YSS_DiagReq,YSS_DiagReqData2,23,8,,SCF0
CHA68F2308_INF68F2308,Msg,Chassis_CAN,0x68f,YSS_DiagReq,YSS_DiagReqData2,23,8,,Info_CAN,0x68f,YSS_DiagReq,YSS_DiagReqData2,23,8,,SCF0
CHA68F3108_DIA68F3108,Msg,Chassis_CAN,0x68f,YSS_DiagReq,YSS_DiagReqData3,31,8,,Diag_CAN,0x68f,YSS_DiagReq,YSS_DiagReqData3,31,8,,SCF0
CHA68F3108_INF68F3108,Msg,Chassis_CAN,0x68f,YSS_DiagReq,YSS_DiagReqData3,31,8,,Info_CAN,0x68f,YSS_DiagReq,YSS_DiagReqData3,31,8,,SCF0
CHA68F3908_DIA68F3908,Msg,Chassis_CAN,0x68f,YSS_DiagReq,YSS_DiagReqData4,39,8,,Diag_CAN,0x68f,YSS_DiagReq,YSS_DiagReqData4,39,8,,SCF0
CHA68F3908_INF68F3908,Msg,Chassis_CAN,0x68f,YSS_DiagReq,YSS_DiagReqData4,39,8,,Info_CAN,0x68f,YSS_DiagReq,YSS_DiagReqData4,39,8,,SCF0
CHA68F4708_DIA68F4708,Msg,Chassis_CAN,0x68f,YSS_DiagReq,YSS_DiagReqData5,47,8,,Diag_CAN,0x68f,YSS_DiagReq,YSS_DiagReqData5,47,8,,SCF0
CHA68F4708_INF68F4708,Msg,Chassis_CAN,0x68f,YSS_DiagReq,YSS_DiagReqData5,47,8,,Info_CAN,0x68f,YSS_DiagReq,YSS_DiagReqData5,47,8,,SCF0
CHA68F5508_DIA68F5508,Msg,Chassis_CAN,0x68f,YSS_DiagReq,YSS_DiagReqData6,55,8,,Diag_CAN,0x68f,YSS_DiagReq,YSS_DiagReqData6,55,8,,SCF0
CHA68F5508_INF68F5508,Msg,Chassis_CAN,0x68f,YSS_DiagReq,YSS_DiagReqData6,55,8,,Info_CAN,0x68f,YSS_DiagReq,YSS_DiagReqData6,55,8,,SCF0
CHA68F6308_DIA68F6308,Msg,Chassis_CAN,0x68f,YSS_DiagReq,YSS_DiagReqData7,63,8,,Diag_CAN,0x68f,YSS_DiagReq,YSS_DiagReqData7,63,8,,SCF0
CHA68F6308_INF68F6308,Msg,Chassis_CAN,0x68f,YSS_DiagReq,YSS_DiagReqData7,63,8,,Info_CAN,0x68f,YSS_DiagReq,YSS_DiagReqData7,63,8,,SCF0
CHA6A50708_DIA6A50708,Msg,Chassis_CAN,0x6a5,MRGEN_DiagReq,MRGEN_DiagReqData0,7,8,,Diag_CAN,0x6a5,MRGEN_DiagReq,MRGEN_DiagReqData0,7,8,,SCF0
CHA6A50708_INF6A50708,Msg,Chassis_CAN,0x6a5,MRGEN_DiagReq,MRGEN_DiagReqData0,7,8,,Info_CAN,0x6a5,MRGEN_DiagReq,MRGEN_DiagReqData0,7,8,,SCF0
CHA6A51508_DIA6A51508,Msg,Chassis_CAN,0x6a5,MRGEN_DiagReq,MRGEN_DiagReqData1,15,8,,Diag_CAN,0x6a5,MRGEN_DiagReq,MRGEN_DiagReqData1,15,8,,SCF0
CHA6A51508_INF6A51508,Msg,Chassis_CAN,0x6a5,MRGEN_DiagReq,MRGEN_DiagReqData1,15,8,,Info_CAN,0x6a5,MRGEN_DiagReq,MRGEN_DiagReqData1,15,8,,SCF0
CHA6A52308_DIA6A52308,Msg,Chassis_CAN,0x6a5,MRGEN_DiagReq,MRGEN_DiagReqData2,23,8,,Diag_CAN,0x6a5,MRGEN_DiagReq,MRGEN_DiagReqData2,23,8,,SCF0
CHA6A52308_INF6A52308,Msg,Chassis_CAN,0x6a5,MRGEN_DiagReq,MRGEN_DiagReqData2,23,8,,Info_CAN,0x6a5,MRGEN_DiagReq,MRGEN_DiagReqData2,23,8,,SCF0
CHA6A53108_DIA6A53108,Msg,Chassis_CAN,0x6a5,MRGEN_DiagReq,MRGEN_DiagReqData3,31,8,,Diag_CAN,0x6a5,MRGEN_DiagReq,MRGEN_DiagReqData3,31,8,,SCF0
CHA6A53108_INF6A53108,Msg,Chassis_CAN,0x6a5,MRGEN_DiagReq,MRGEN_DiagReqData3,31,8,,Info_CAN,0x6a5,MRGEN_DiagReq,MRGEN_DiagReqData3,31,8,,SCF0
CHA6A53908_DIA6A53908,Msg,Chassis_CAN,0x6a5,MRGEN_DiagReq,MRGEN_DiagReqData4,39,8,,Diag_CAN,0x6a5,MRGEN_DiagReq,MRGEN_DiagReqData4,39,8,,SCF0
CHA6A53908_INF6A53908,Msg,Chassis_CAN,0x6a5,MRGEN_DiagReq,MRGEN_DiagReqData4,39,8,,Info_CAN,0x6a5,MRGEN_DiagReq,MRGEN_DiagReqData4,39,8,,SCF0
CHA6A54708_DIA6A54708,Msg,Chassis_CAN,0x6a5,MRGEN_DiagReq,MRGEN_DiagReqData5,47,8,,Diag_CAN,0x6a5,MRGEN_DiagReq,MRGEN_DiagReqData5,47,8,,SCF0
CHA6A54708_INF6A54708,Msg,Chassis_CAN,0x6a5,MRGEN_DiagReq,MRGEN_DiagReqData5,47,8,,Info_CAN,0x6a5,MRGEN_DiagReq,MRGEN_DiagReqData5,47,8,,SCF0
CHA6A55508_DIA6A55508,Msg,Chassis_CAN,0x6a5,MRGEN_DiagReq,MRGEN_DiagReqData6,55,8,,Diag_CAN,0x6a5,MRGEN_DiagReq,MRGEN_DiagReqData6,55,8,,SCF0
CHA6A55508_INF6A55508,Msg,Chassis_CAN,0x6a5,MRGEN_DiagReq,MRGEN_DiagReqData6,55,8,,Info_CAN,0x6a5,MRGEN_DiagReq,MRGEN_DiagReqData6,55,8,,SCF0
CHA6A56308_DIA6A56308,Msg,Chassis_CAN,0x6a5,MRGEN_DiagReq,MRGEN_DiagReqData7,63,8,,Diag_CAN,0x6a5,MRGEN_DiagReq,MRGEN_DiagReqData7,63,8,,SCF0
CHA6A56308_INF6A56308,Msg,Chassis_CAN,0x6a5,MRGEN_DiagReq,MRGEN_DiagReqData7,63,8,,Info_CAN,0x6a5,MRGEN_DiagReq,MRGEN_DiagReqData7,63,8,,SCF0
CHA6A60708_DIA6A60708,Msg,Chassis_CAN,0x6a6,SCAM_DiagReq,SCAM_DiagReqData0,7,8,,Diag_CAN,0x6a6,SCAM_DiagReq,SCAM_DiagReqData0,7,8,,SCF0
CHA6A60708_INF6A60708,Msg,Chassis_CAN,0x6a6,SCAM_DiagReq,SCAM_DiagReqData0,7,8,,Info_CAN,0x6a6,SCAM_DiagReq,SCAM_DiagReqData0,7,8,,SCF0
CHA6A61508_DIA6A61508,Msg,Chassis_CAN,0x6a6,SCAM_DiagReq,SCAM_DiagReqData1,15,8,,Diag_CAN,0x6a6,SCAM_DiagReq,SCAM_DiagReqData1,15,8,,SCF0
CHA6A61508_INF6A61508,Msg,Chassis_CAN,0x6a6,SCAM_DiagReq,SCAM_DiagReqData1,15,8,,Info_CAN,0x6a6,SCAM_DiagReq,SCAM_DiagReqData1,15,8,,SCF0
CHA6A62308_DIA6A62308,Msg,Chassis_CAN,0x6a6,SCAM_DiagReq,SCAM_DiagReqData2,23,8,,Diag_CAN,0x6a6,SCAM_DiagReq,SCAM_DiagReqData2,23,8,,SCF0
CHA6A62308_INF6A62308,Msg,Chassis_CAN,0x6a6,SCAM_DiagReq,SCAM_DiagReqData2,23,8,,Info_CAN,0x6a6,SCAM_DiagReq,SCAM_DiagReqData2,23,8,,SCF0
CHA6A63108_DIA6A63108,Msg,Chassis_CAN,0x6a6,SCAM_DiagReq,SCAM_DiagReqData3,31,8,,Diag_CAN,0x6a6,SCAM_DiagReq,SCAM_DiagReqData3,31,8,,SCF0
CHA6A63108_INF6A63108,Msg,Chassis_CAN,0x6a6,SCAM_DiagReq,SCAM_DiagReqData3,31,8,,Info_CAN,0x6a6,SCAM_DiagReq,SCAM_DiagReqData3,31,8,,SCF0
CHA6A63908_DIA6A63908,Msg,Chassis_CAN,0x6a6,SCAM_DiagReq,SCAM_DiagReqData4,39,8,,Diag_CAN,0x6a6,SCAM_DiagReq,SCAM_DiagReqData4,39,8,,SCF0
CHA6A63908_INF6A63908,Msg,Chassis_CAN,0x6a6,SCAM_DiagReq,SCAM_DiagReqData4,39,8,,Info_CAN,0x6a6,SCAM_DiagReq,SCAM_DiagReqData4,39,8,,SCF0
CHA6A64708_DIA6A64708,Msg,Chassis_CAN,0x6a6,SCAM_DiagReq,SCAM_DiagReqData5,47,8,,Diag_CAN,0x6a6,SCAM_DiagReq,SCAM_DiagReqData5,47,8,,SCF0
CHA6A64708_INF6A64708,Msg,Chassis_CAN,0x6a6,SCAM_DiagReq,SCAM_DiagReqData5,47,8,,Info_CAN,0x6a6,SCAM_DiagReq,SCAM_DiagReqData5,47,8,,SCF0
CHA6A65508_DIA6A65508,Msg,Chassis_CAN,0x6a6,SCAM_DiagReq,SCAM_DiagReqData6,55,8,,Diag_CAN,0x6a6,SCAM_DiagReq,SCAM_DiagReqData6,55,8,,SCF0
CHA6A65508_INF6A65508,Msg,Chassis_CAN,0x6a6,SCAM_DiagReq,SCAM_DiagReqData6,55,8,,Info_CAN,0x6a6,SCAM_DiagReq,SCAM_DiagReqData6,55,8,,SCF0
CHA6A66308_DIA6A66308,Msg,Chassis_CAN,0x6a6,SCAM_DiagReq,SCAM_DiagReqData7,63,8,,Diag_CAN,0x6a6,SCAM_DiagReq,SCAM_DiagReqData7,63,8,,SCF0
CHA6A66308_INF6A66308,Msg,Chassis_CAN,0x6a6,SCAM_DiagReq,SCAM_DiagReqData7,63,8,,Info_CAN,0x6a6,SCAM_DiagReq,SCAM_DiagReqData7,63,8,,SCF0
CHA6A70708_DIA6A70708,Msg,Chassis_CAN,0x6a7,RCU_DiagReq,RCU_DiagReqData0,7,8,,Diag_CAN,0x6a7,RCU_DiagReq,RCU_DiagReqData0,7,8,,SCF0
CHA6A70708_INF6A70708,Msg,Chassis_CAN,0x6a7,RCU_DiagReq,RCU_DiagReqData0,7,8,,Info_CAN,0x6a7,RCU_DiagReq,RCU_DiagReqData0,7,8,,SCF0
CHA6A71508_DIA6A71508,Msg,Chassis_CAN,0x6a7,RCU_DiagReq,RCU_DiagReqData1,15,8,,Diag_CAN,0x6a7,RCU_DiagReq,RCU_DiagReqData1,15,8,,SCF0
CHA6A71508_INF6A71508,Msg,Chassis_CAN,0x6a7,RCU_DiagReq,RCU_DiagReqData1,15,8,,Info_CAN,0x6a7,RCU_DiagReq,RCU_DiagReqData1,15,8,,SCF0
CHA6A72308_DIA6A72308,Msg,Chassis_CAN,0x6a7,RCU_DiagReq,RCU_DiagReqData2,23,8,,Diag_CAN,0x6a7,RCU_DiagReq,RCU_DiagReqData2,23,8,,SCF0
CHA6A72308_INF6A72308,Msg,Chassis_CAN,0x6a7,RCU_DiagReq,RCU_DiagReqData2,23,8,,Info_CAN,0x6a7,RCU_DiagReq,RCU_DiagReqData2,23,8,,SCF0
CHA6A73108_DIA6A73108,Msg,Chassis_CAN,0x6a7,RCU_DiagReq,RCU_DiagReqData3,31,8,,Diag_CAN,0x6a7,RCU_DiagReq,RCU_DiagReqData3,31,8,,SCF0
CHA6A73108_INF6A73108,Msg,Chassis_CAN,0x6a7,RCU_DiagReq,RCU_DiagReqData3,31,8,,Info_CAN,0x6a7,RCU_DiagReq,RCU_DiagReqData3,31,8,,SCF0
CHA6A73908_DIA6A73908,Msg,Chassis_CAN,0x6a7,RCU_DiagReq,RCU_DiagReqData4,39,8,,Diag_CAN,0x6a7,RCU_DiagReq,RCU_DiagReqData4,39,8,,SCF0
CHA6A73908_INF6A73908,Msg,Chassis_CAN,0x6a7,RCU_DiagReq,RCU_DiagReqData4,39,8,,Info_CAN,0x6a7,RCU_DiagReq,RCU_DiagReqData4,39,8,,SCF0
CHA6A74708_DIA6A74708,Msg,Chassis_CAN,0x6a7,RCU_DiagReq,RCU_DiagReqData5,47,8,,Diag_CAN,0x6a7,RCU_DiagReq,RCU_DiagReqData5,47,8,,SCF0
CHA6A74708_INF6A74708,Msg,Chassis_CAN,0x6a7,RCU_DiagReq,RCU_DiagReqData5,47,8,,Info_CAN,0x6a7,RCU_DiagReq,RCU_DiagReqData5,47,8,,SCF0
CHA6A75508_DIA6A75508,Msg,Chassis_CAN,0x6a7,RCU_DiagReq,RCU_DiagReqData6,55,8,,Diag_CAN,0x6a7,RCU_DiagReq,RCU_DiagReqData6,55,8,,SCF0
CHA6A75508_INF6A75508,Msg,Chassis_CAN,0x6a7,RCU_DiagReq,RCU_DiagReqData6,55,8,,Info_CAN,0x6a7,RCU_DiagReq,RCU_DiagReqData6,55,8,,SCF0
CHA6A76308_DIA6A76308,Msg,Chassis_CAN,0x6a7,RCU_DiagReq,RCU_DiagReqData7,63,8,,Diag_CAN,0x6a7,RCU_DiagReq,RCU_DiagReqData7,63,8,,SCF0
CHA6A76308_INF6A76308,Msg,Chassis_CAN,0x6a7,RCU_DiagReq,RCU_DiagReqData7,63,8,,Info_CAN,0x6a7,RCU_DiagReq,RCU_DiagReqData7,63,8,,SCF0
CHA6A80708_DIA6A80708,Msg,Chassis_CAN,0x6a8,EPS_DiagReq,EPS_DiagReqData0,7,8,,Diag_CAN,0x6a8,EPS_DiagReq,EPS_DiagReqData0,7,8,,SCF0
CHA6A80708_INF6A80708,Msg,Chassis_CAN,0x6a8,EPS_DiagReq,EPS_DiagReqData0,7,8,,Info_CAN,0x6a8,EPS_DiagReq,EPS_DiagReqData0,7,8,,SCF0
CHA6A81508_DIA6A81508,Msg,Chassis_CAN,0x6a8,EPS_DiagReq,EPS_DiagReqData1,15,8,,Diag_CAN,0x6a8,EPS_DiagReq,EPS_DiagReqData1,15,8,,SCF0
CHA6A81508_INF6A81508,Msg,Chassis_CAN,0x6a8,EPS_DiagReq,EPS_DiagReqData1,15,8,,Info_CAN,0x6a8,EPS_DiagReq,EPS_DiagReqData1,15,8,,SCF0
CHA6A82308_DIA6A82308,Msg,Chassis_CAN,0x6a8,EPS_DiagReq,EPS_DiagReqData2,23,8,,Diag_CAN,0x6a8,EPS_DiagReq,EPS_DiagReqData2,23,8,,SCF0
CHA6A82308_INF6A82308,Msg,Chassis_CAN,0x6a8,EPS_DiagReq,EPS_DiagReqData2,23,8,,Info_CAN,0x6a8,EPS_DiagReq,EPS_DiagReqData2,23,8,,SCF0
CHA6A83108_DIA6A83108,Msg,Chassis_CAN,0x6a8,EPS_DiagReq,EPS_DiagReqData3,31,8,,Diag_CAN,0x6a8,EPS_DiagReq,EPS_DiagReqData3,31,8,,SCF0
CHA6A83108_INF6A83108,Msg,Chassis_CAN,0x6a8,EPS_DiagReq,EPS_DiagReqData3,31,8,,Info_CAN,0x6a8,EPS_DiagReq,EPS_DiagReqData3,31,8,,SCF0
CHA6A83908_DIA6A83908,Msg,Chassis_CAN,0x6a8,EPS_DiagReq,EPS_DiagReqData4,39,8,,Diag_CAN,0x6a8,EPS_DiagReq,EPS_DiagReqData4,39,8,,SCF0
CHA6A83908_INF6A83908,Msg,Chassis_CAN,0x6a8,EPS_DiagReq,EPS_DiagReqData4,39,8,,Info_CAN,0x6a8,EPS_DiagReq,EPS_DiagReqData4,39,8,,SCF0
CHA6A84708_DIA6A84708,Msg,Chassis_CAN,0x6a8,EPS_DiagReq,EPS_DiagReqData5,47,8,,Diag_CAN,0x6a8,EPS_DiagReq,EPS_DiagReqData5,47,8,,SCF0
CHA6A84708_INF6A84708,Msg,Chassis_CAN,0x6a8,EPS_DiagReq,EPS_DiagReqData5,47,8,,Info_CAN,0x6a8,EPS_DiagReq,EPS_DiagReqData5,47,8,,SCF0
CHA6A85508_DIA6A85508,Msg,Chassis_CAN,0x6a8,EPS_DiagReq,EPS_DiagReqData6,55,8,,Diag_CAN,0x6a8,EPS_DiagReq,EPS_DiagReqData6,55,8,,SCF0
CHA6A85508_INF6A85508,Msg,Chassis_CAN,0x6a8,EPS_DiagReq,EPS_DiagReqData6,55,8,,Info_CAN,0x6a8,EPS_DiagReq,EPS_DiagReqData6,55,8,,SCF0
CHA6A86308_DIA6A86308,Msg,Chassis_CAN,0x6a8,EPS_DiagReq,EPS_DiagReqData7,63,8,,Diag_CAN,0x6a8,EPS_DiagReq,EPS_DiagReqData7,63,8,,SCF0
CHA6A86308_INF6A86308,Msg,Chassis_CAN,0x6a8,EPS_DiagReq,EPS_DiagReqData7,63,8,,Info_CAN,0x6a8,EPS_DiagReq,EPS_DiagReqData7,63,8,,SCF0
CHA6AA0708_DIA6AA0708,Msg,Chassis_CAN,0x6aa,AVAS_DiagReq,AVAS_DiagReqData0,7,8,,Diag_CAN,0x6aa,AVAS_DiagReq,AVAS_DiagReqData0,7,8,,SCF0
CHA6AA0708_INF6AA0708,Msg,Chassis_CAN,0x6aa,AVAS_DiagReq,AVAS_DiagReqData0,7,8,,Info_CAN,0x6aa,AVAS_DiagReq,AVAS_DiagReqData0,7,8,,SCF0
CHA6AA1508_DIA6AA1508,Msg,Chassis_CAN,0x6aa,AVAS_DiagReq,AVAS_DiagReqData1,15,8,,Diag_CAN,0x6aa,AVAS_DiagReq,AVAS_DiagReqData1,15,8,,SCF0
CHA6AA1508_INF6AA1508,Msg,Chassis_CAN,0x6aa,AVAS_DiagReq,AVAS_DiagReqData1,15,8,,Info_CAN,0x6aa,AVAS_DiagReq,AVAS_DiagReqData1,15,8,,SCF0
CHA6AA2308_DIA6AA2308,Msg,Chassis_CAN,0x6aa,AVAS_DiagReq,AVAS_DiagReqData2,23,8,,Diag_CAN,0x6aa,AVAS_DiagReq,AVAS_DiagReqData2,23,8,,SCF0
CHA6AA2308_INF6AA2308,Msg,Chassis_CAN,0x6aa,AVAS_DiagReq,AVAS_DiagReqData2,23,8,,Info_CAN,0x6aa,AVAS_DiagReq,AVAS_DiagReqData2,23,8,,SCF0
CHA6AA3108_DIA6AA3108,Msg,Chassis_CAN,0x6aa,AVAS_DiagReq,AVAS_DiagReqData3,31,8,,Diag_CAN,0x6aa,AVAS_DiagReq,AVAS_DiagReqData3,31,8,,SCF0
CHA6AA3108_INF6AA3108,Msg,Chassis_CAN,0x6aa,AVAS_DiagReq,AVAS_DiagReqData3,31,8,,Info_CAN,0x6aa,AVAS_DiagReq,AVAS_DiagReqData3,31,8,,SCF0
CHA6AA3908_DIA6AA3908,Msg,Chassis_CAN,0x6aa,AVAS_DiagReq,AVAS_DiagReqData4,39,8,,Diag_CAN,0x6aa,AVAS_DiagReq,AVAS_DiagReqData4,39,8,,SCF0
CHA6AA3908_INF6AA3908,Msg,Chassis_CAN,0x6aa,AVAS_DiagReq,AVAS_DiagReqData4,39,8,,Info_CAN,0x6aa,AVAS_DiagReq,AVAS_DiagReqData4,39,8,,SCF0
CHA6AA4708_DIA6AA4708,Msg,Chassis_CAN,0x6aa,AVAS_DiagReq,AVAS_DiagReqData5,47,8,,Diag_CAN,0x6aa,AVAS_DiagReq,AVAS_DiagReqData5,47,8,,SCF0
CHA6AA4708_INF6AA4708,Msg,Chassis_CAN,0x6aa,AVAS_DiagReq,AVAS_DiagReqData5,47,8,,Info_CAN,0x6aa,AVAS_DiagReq,AVAS_DiagReqData5,47,8,,SCF0
CHA6AA5508_DIA6AA5508,Msg,Chassis_CAN,0x6aa,AVAS_DiagReq,AVAS_DiagReqData6,55,8,,Diag_CAN,0x6aa,AVAS_DiagReq,AVAS_DiagReqData6,55,8,,SCF0
CHA6AA5508_INF6AA5508,Msg,Chassis_CAN,0x6aa,AVAS_DiagReq,AVAS_DiagReqData6,55,8,,Info_CAN,0x6aa,AVAS_DiagReq,AVAS_DiagReqData6,55,8,,SCF0
CHA6AA6308_DIA6AA6308,Msg,Chassis_CAN,0x6aa,AVAS_DiagReq,AVAS_DiagReqData7,63,8,,Diag_CAN,0x6aa,AVAS_DiagReq,AVAS_DiagReqData7,63,8,,SCF0
CHA6AA6308_INF6AA6308,Msg,Chassis_CAN,0x6aa,AVAS_DiagReq,AVAS_DiagReqData7,63,8,,Info_CAN,0x6aa,AVAS_DiagReq,AVAS_DiagReqData7,63,8,,SCF0
CHA6AC0708_DIA6AC0708,Msg,Chassis_CAN,0x6ac,VCU_DiagReq,VCU_DiagReqData0,7,8,,Diag_CAN,0x6ac,VCU_DiagReq,VCU_DiagReqData0,7,8,,SCF0
CHA6AC1508_DIA6AC1508,Msg,Chassis_CAN,0x6ac,VCU_DiagReq,VCU_DiagReqData1,15,8,,Diag_CAN,0x6ac,VCU_DiagReq,VCU_DiagReqData1,15,8,,SCF0
CHA6AC2308_DIA6AC2308,Msg,Chassis_CAN,0x6ac,VCU_DiagReq,VCU_DiagReqData2,23,8,,Diag_CAN,0x6ac,VCU_DiagReq,VCU_DiagReqData2,23,8,,SCF0
CHA6AC3108_DIA6AC3108,Msg,Chassis_CAN,0x6ac,VCU_DiagReq,VCU_DiagReqData3,31,8,,Diag_CAN,0x6ac,VCU_DiagReq,VCU_DiagReqData3,31,8,,SCF0
CHA6AC3908_DIA6AC3908,Msg,Chassis_CAN,0x6ac,VCU_DiagReq,VCU_DiagReqData4,39,8,,Diag_CAN,0x6ac,VCU_DiagReq,VCU_DiagReqData4,39,8,,SCF0
CHA6AC4708_DIA6AC4708,Msg,Chassis_CAN,0x6ac,VCU_DiagReq,VCU_DiagReqData5,47,8,,Diag_CAN,0x6ac,VCU_DiagReq,VCU_DiagReqData5,47,8,,SCF0
CHA6AC5508_DIA6AC5508,Msg,Chassis_CAN,0x6ac,VCU_DiagReq,VCU_DiagReqData6,55,8,,Diag_CAN,0x6ac,VCU_DiagReq,VCU_DiagReqData6,55,8,,SCF0
CHA6AC6308_DIA6AC6308,Msg,Chassis_CAN,0x6ac,VCU_DiagReq,VCU_DiagReqData7,63,8,,Diag_CAN,0x6ac,VCU_DiagReq,VCU_DiagReqData7,63,8,,SCF0
CHA6B40708_DIA6B40708,Msg,Chassis_CAN,0x6b4,SRR_FR_DiagReq,SRR_FR_DiagReqData0,7,8,,Diag_CAN,0x6b4,SRR_FR_DiagReq,SRR_FR_DiagReqData0,7,8,,SCF0
CHA6B40708_INF6B40708,Msg,Chassis_CAN,0x6b4,SRR_FR_DiagReq,SRR_FR_DiagReqData0,7,8,,Info_CAN,0x6b4,SRR_FR_DiagReq,SRR_FR_DiagReqData0,7,8,,SCF0
CHA6B41508_DIA6B41508,Msg,Chassis_CAN,0x6b4,SRR_FR_DiagReq,SRR_FR_DiagReqData1,15,8,,Diag_CAN,0x6b4,SRR_FR_DiagReq,SRR_FR_DiagReqData1,15,8,,SCF0
CHA6B41508_INF6B41508,Msg,Chassis_CAN,0x6b4,SRR_FR_DiagReq,SRR_FR_DiagReqData1,15,8,,Info_CAN,0x6b4,SRR_FR_DiagReq,SRR_FR_DiagReqData1,15,8,,SCF0
CHA6B42308_DIA6B42308,Msg,Chassis_CAN,0x6b4,SRR_FR_DiagReq,SRR_FR_DiagReqData2,23,8,,Diag_CAN,0x6b4,SRR_FR_DiagReq,SRR_FR_DiagReqData2,23,8,,SCF0
CHA6B42308_INF6B42308,Msg,Chassis_CAN,0x6b4,SRR_FR_DiagReq,SRR_FR_DiagReqData2,23,8,,Info_CAN,0x6b4,SRR_FR_DiagReq,SRR_FR_DiagReqData2,23,8,,SCF0
CHA6B43108_DIA6B43108,Msg,Chassis_CAN,0x6b4,SRR_FR_DiagReq,SRR_FR_DiagReqData3,31,8,,Diag_CAN,0x6b4,SRR_FR_DiagReq,SRR_FR_DiagReqData3,31,8,,SCF0
CHA6B43108_INF6B43108,Msg,Chassis_CAN,0x6b4,SRR_FR_DiagReq,SRR_FR_DiagReqData3,31,8,,Info_CAN,0x6b4,SRR_FR_DiagReq,SRR_FR_DiagReqData3,31,8,,SCF0
CHA6B43908_DIA6B43908,Msg,Chassis_CAN,0x6b4,SRR_FR_DiagReq,SRR_FR_DiagReqData4,39,8,,Diag_CAN,0x6b4,SRR_FR_DiagReq,SRR_FR_DiagReqData4,39,8,,SCF0
CHA6B43908_INF6B43908,Msg,Chassis_CAN,0x6b4,SRR_FR_DiagReq,SRR_FR_DiagReqData4,39,8,,Info_CAN,0x6b4,SRR_FR_DiagReq,SRR_FR_DiagReqData4,39,8,,SCF0
CHA6B44708_DIA6B44708,Msg,Chassis_CAN,0x6b4,SRR_FR_DiagReq,SRR_FR_DiagReqData5,47,8,,Diag_CAN,0x6b4,SRR_FR_DiagReq,SRR_FR_DiagReqData5,47,8,,SCF0
CHA6B44708_INF6B44708,Msg,Chassis_CAN,0x6b4,SRR_FR_DiagReq,SRR_FR_DiagReqData5,47,8,,Info_CAN,0x6b4,SRR_FR_DiagReq,SRR_FR_DiagReqData5,47,8,,SCF0
CHA6B45508_DIA6B45508,Msg,Chassis_CAN,0x6b4,SRR_FR_DiagReq,SRR_FR_DiagReqData6,55,8,,Diag_CAN,0x6b4,SRR_FR_DiagReq,SRR_FR_DiagReqData6,55,8,,SCF0
CHA6B45508_INF6B45508,Msg,Chassis_CAN,0x6b4,SRR_FR_DiagReq,SRR_FR_DiagReqData6,55,8,,Info_CAN,0x6b4,SRR_FR_DiagReq,SRR_FR_DiagReqData6,55,8,,SCF0
CHA6B46308_DIA6B46308,Msg,Chassis_CAN,0x6b4,SRR_FR_DiagReq,SRR_FR_DiagReqData7,63,8,,Diag_CAN,0x6b4,SRR_FR_DiagReq,SRR_FR_DiagReqData7,63,8,,SCF0
CHA6B46308_INF6B46308,Msg,Chassis_CAN,0x6b4,SRR_FR_DiagReq,SRR_FR_DiagReqData7,63,8,,Info_CAN,0x6b4,SRR_FR_DiagReq,SRR_FR_DiagReqData7,63,8,,SCF0
CHA6B50708_DIA6B50708,Msg,Chassis_CAN,0x6b5,SRR_FL_DiagReq,SRR_FL_DiagReqData0,7,8,,Diag_CAN,0x6b5,SRR_FL_DiagReq,SRR_FL_DiagReqData0,7,8,,SCF0
CHA6B50708_INF6B50708,Msg,Chassis_CAN,0x6b5,SRR_FL_DiagReq,SRR_FL_DiagReqData0,7,8,,Info_CAN,0x6b5,SRR_FL_DiagReq,SRR_FL_DiagReqData0,7,8,,SCF0
CHA6B51508_DIA6B51508,Msg,Chassis_CAN,0x6b5,SRR_FL_DiagReq,SRR_FL_DiagReqData1,15,8,,Diag_CAN,0x6b5,SRR_FL_DiagReq,SRR_FL_DiagReqData1,15,8,,SCF0
CHA6B51508_INF6B51508,Msg,Chassis_CAN,0x6b5,SRR_FL_DiagReq,SRR_FL_DiagReqData1,15,8,,Info_CAN,0x6b5,SRR_FL_DiagReq,SRR_FL_DiagReqData1,15,8,,SCF0
CHA6B52308_DIA6B52308,Msg,Chassis_CAN,0x6b5,SRR_FL_DiagReq,SRR_FL_DiagReqData2,23,8,,Diag_CAN,0x6b5,SRR_FL_DiagReq,SRR_FL_DiagReqData2,23,8,,SCF0
CHA6B52308_INF6B52308,Msg,Chassis_CAN,0x6b5,SRR_FL_DiagReq,SRR_FL_DiagReqData2,23,8,,Info_CAN,0x6b5,SRR_FL_DiagReq,SRR_FL_DiagReqData2,23,8,,SCF0
CHA6B53108_DIA6B53108,Msg,Chassis_CAN,0x6b5,SRR_FL_DiagReq,SRR_FL_DiagReqData3,31,8,,Diag_CAN,0x6b5,SRR_FL_DiagReq,SRR_FL_DiagReqData3,31,8,,SCF0
CHA6B53108_INF6B53108,Msg,Chassis_CAN,0x6b5,SRR_FL_DiagReq,SRR_FL_DiagReqData3,31,8,,Info_CAN,0x6b5,SRR_FL_DiagReq,SRR_FL_DiagReqData3,31,8,,SCF0
CHA6B53908_DIA6B53908,Msg,Chassis_CAN,0x6b5,SRR_FL_DiagReq,SRR_FL_DiagReqData4,39,8,,Diag_CAN,0x6b5,SRR_FL_DiagReq,SRR_FL_DiagReqData4,39,8,,SCF0
CHA6B53908_INF6B53908,Msg,Chassis_CAN,0x6b5,SRR_FL_DiagReq,SRR_FL_DiagReqData4,39,8,,Info_CAN,0x6b5,SRR_FL_DiagReq,SRR_FL_DiagReqData4,39,8,,SCF0
CHA6B54708_DIA6B54708,Msg,Chassis_CAN,0x6b5,SRR_FL_DiagReq,SRR_FL_DiagReqData5,47,8,,Diag_CAN,0x6b5,SRR_FL_DiagReq,SRR_FL_DiagReqData5,47,8,,SCF0
CHA6B54708_INF6B54708,Msg,Chassis_CAN,0x6b5,SRR_FL_DiagReq,SRR_FL_DiagReqData5,47,8,,Info_CAN,0x6b5,SRR_FL_DiagReq,SRR_FL_DiagReqData5,47,8,,SCF0
CHA6B55508_DIA6B55508,Msg,Chassis_CAN,0x6b5,SRR_FL_DiagReq,SRR_FL_DiagReqData6,55,8,,Diag_CAN,0x6b5,SRR_FL_DiagReq,SRR_FL_DiagReqData6,55,8,,SCF0
CHA6B55508_INF6B55508,Msg,Chassis_CAN,0x6b5,SRR_FL_DiagReq,SRR_FL_DiagReqData6,55,8,,Info_CAN,0x6b5,SRR_FL_DiagReq,SRR_FL_DiagReqData6,55,8,,SCF0
CHA6B56308_DIA6B56308,Msg,Chassis_CAN,0x6b5,SRR_FL_DiagReq,SRR_FL_DiagReqData7,63,8,,Diag_CAN,0x6b5,SRR_FL_DiagReq,SRR_FL_DiagReqData7,63,8,,SCF0
CHA6B56308_INF6B56308,Msg,Chassis_CAN,0x6b5,SRR_FL_DiagReq,SRR_FL_DiagReqData7,63,8,,Info_CAN,0x6b5,SRR_FL_DiagReq,SRR_FL_DiagReqData7,63,8,,SCF0
CHA6B60708_DIA6B60708,Msg,Chassis_CAN,0x6b6,SRR_RR_DiagReq,SRR_RR_DiagReqData0,7,8,,Diag_CAN,0x6b6,SRR_RR_DiagReq,SRR_RR_DiagReqData0,7,8,,SCF0
CHA6B60708_INF6B60708,Msg,Chassis_CAN,0x6b6,SRR_RR_DiagReq,SRR_RR_DiagReqData0,7,8,,Info_CAN,0x6b6,SRR_RR_DiagReq,SRR_RR_DiagReqData0,7,8,,SCF0
CHA6B61508_DIA6B61508,Msg,Chassis_CAN,0x6b6,SRR_RR_DiagReq,SRR_RR_DiagReqData1,15,8,,Diag_CAN,0x6b6,SRR_RR_DiagReq,SRR_RR_DiagReqData1,15,8,,SCF0
CHA6B61508_INF6B61508,Msg,Chassis_CAN,0x6b6,SRR_RR_DiagReq,SRR_RR_DiagReqData1,15,8,,Info_CAN,0x6b6,SRR_RR_DiagReq,SRR_RR_DiagReqData1,15,8,,SCF0
CHA6B62308_DIA6B62308,Msg,Chassis_CAN,0x6b6,SRR_RR_DiagReq,SRR_RR_DiagReqData2,23,8,,Diag_CAN,0x6b6,SRR_RR_DiagReq,SRR_RR_DiagReqData2,23,8,,SCF0
CHA6B62308_INF6B62308,Msg,Chassis_CAN,0x6b6,SRR_RR_DiagReq,SRR_RR_DiagReqData2,23,8,,Info_CAN,0x6b6,SRR_RR_DiagReq,SRR_RR_DiagReqData2,23,8,,SCF0
CHA6B63108_DIA6B63108,Msg,Chassis_CAN,0x6b6,SRR_RR_DiagReq,SRR_RR_DiagReqData3,31,8,,Diag_CAN,0x6b6,SRR_RR_DiagReq,SRR_RR_DiagReqData3,31,8,,SCF0
CHA6B63108_INF6B63108,Msg,Chassis_CAN,0x6b6,SRR_RR_DiagReq,SRR_RR_DiagReqData3,31,8,,Info_CAN,0x6b6,SRR_RR_DiagReq,SRR_RR_DiagReqData3,31,8,,SCF0
CHA6B63908_DIA6B63908,Msg,Chassis_CAN,0x6b6,SRR_RR_DiagReq,SRR_RR_DiagReqData4,39,8,,Diag_CAN,0x6b6,SRR_RR_DiagReq,SRR_RR_DiagReqData4,39,8,,SCF0
CHA6B63908_INF6B63908,Msg,Chassis_CAN,0x6b6,SRR_RR_DiagReq,SRR_RR_DiagReqData4,39,8,,Info_CAN,0x6b6,SRR_RR_DiagReq,SRR_RR_DiagReqData4,39,8,,SCF0
CHA6B64708_DIA6B64708,Msg,Chassis_CAN,0x6b6,SRR_RR_DiagReq,SRR_RR_DiagReqData5,47,8,,Diag_CAN,0x6b6,SRR_RR_DiagReq,SRR_RR_DiagReqData5,47,8,,SCF0
CHA6B64708_INF6B64708,Msg,Chassis_CAN,0x6b6,SRR_RR_DiagReq,SRR_RR_DiagReqData5,47,8,,Info_CAN,0x6b6,SRR_RR_DiagReq,SRR_RR_DiagReqData5,47,8,,SCF0
CHA6B65508_DIA6B65508,Msg,Chassis_CAN,0x6b6,SRR_RR_DiagReq,SRR_RR_DiagReqData6,55,8,,Diag_CAN,0x6b6,SRR_RR_DiagReq,SRR_RR_DiagReqData6,55,8,,SCF0
CHA6B65508_INF6B65508,Msg,Chassis_CAN,0x6b6,SRR_RR_DiagReq,SRR_RR_DiagReqData6,55,8,,Info_CAN,0x6b6,SRR_RR_DiagReq,SRR_RR_DiagReqData6,55,8,,SCF0
CHA6B66308_DIA6B66308,Msg,Chassis_CAN,0x6b6,SRR_RR_DiagReq,SRR_RR_DiagReqData7,63,8,,Diag_CAN,0x6b6,SRR_RR_DiagReq,SRR_RR_DiagReqData7,63,8,,SCF0
CHA6B66308_INF6B66308,Msg,Chassis_CAN,0x6b6,SRR_RR_DiagReq,SRR_RR_DiagReqData7,63,8,,Info_CAN,0x6b6,SRR_RR_DiagReq,SRR_RR_DiagReqData7,63,8,,SCF0
CHA6B70708_DIA6B70708,Msg,Chassis_CAN,0x6b7,SRR_RL_DiagReq,SRR_RL_DiagReqData0,7,8,,Diag_CAN,0x6b7,SRR_RL_DiagReq,SRR_RL_DiagReqData0,7,8,,SCF0
CHA6B70708_INF6B70708,Msg,Chassis_CAN,0x6b7,SRR_RL_DiagReq,SRR_RL_DiagReqData0,7,8,,Info_CAN,0x6b7,SRR_RL_DiagReq,SRR_RL_DiagReqData0,7,8,,SCF0
CHA6B71508_DIA6B71508,Msg,Chassis_CAN,0x6b7,SRR_RL_DiagReq,SRR_RL_DiagReqData1,15,8,,Diag_CAN,0x6b7,SRR_RL_DiagReq,SRR_RL_DiagReqData1,15,8,,SCF0
CHA6B71508_INF6B71508,Msg,Chassis_CAN,0x6b7,SRR_RL_DiagReq,SRR_RL_DiagReqData1,15,8,,Info_CAN,0x6b7,SRR_RL_DiagReq,SRR_RL_DiagReqData1,15,8,,SCF0
CHA6B72308_DIA6B72308,Msg,Chassis_CAN,0x6b7,SRR_RL_DiagReq,SRR_RL_DiagReqData2,23,8,,Diag_CAN,0x6b7,SRR_RL_DiagReq,SRR_RL_DiagReqData2,23,8,,SCF0
CHA6B72308_INF6B72308,Msg,Chassis_CAN,0x6b7,SRR_RL_DiagReq,SRR_RL_DiagReqData2,23,8,,Info_CAN,0x6b7,SRR_RL_DiagReq,SRR_RL_DiagReqData2,23,8,,SCF0
CHA6B73108_DIA6B73108,Msg,Chassis_CAN,0x6b7,SRR_RL_DiagReq,SRR_RL_DiagReqData3,31,8,,Diag_CAN,0x6b7,SRR_RL_DiagReq,SRR_RL_DiagReqData3,31,8,,SCF0
CHA6B73108_INF6B73108,Msg,Chassis_CAN,0x6b7,SRR_RL_DiagReq,SRR_RL_DiagReqData3,31,8,,Info_CAN,0x6b7,SRR_RL_DiagReq,SRR_RL_DiagReqData3,31,8,,SCF0
CHA6B73908_DIA6B73908,Msg,Chassis_CAN,0x6b7,SRR_RL_DiagReq,SRR_RL_DiagReqData4,39,8,,Diag_CAN,0x6b7,SRR_RL_DiagReq,SRR_RL_DiagReqData4,39,8,,SCF0
CHA6B73908_INF6B73908,Msg,Chassis_CAN,0x6b7,SRR_RL_DiagReq,SRR_RL_DiagReqData4,39,8,,Info_CAN,0x6b7,SRR_RL_DiagReq,SRR_RL_DiagReqData4,39,8,,SCF0
CHA6B74708_DIA6B74708,Msg,Chassis_CAN,0x6b7,SRR_RL_DiagReq,SRR_RL_DiagReqData5,47,8,,Diag_CAN,0x6b7,SRR_RL_DiagReq,SRR_RL_DiagReqData5,47,8,,SCF0
CHA6B74708_INF6B74708,Msg,Chassis_CAN,0x6b7,SRR_RL_DiagReq,SRR_RL_DiagReqData5,47,8,,Info_CAN,0x6b7,SRR_RL_DiagReq,SRR_RL_DiagReqData5,47,8,,SCF0
CHA6B75508_DIA6B75508,Msg,Chassis_CAN,0x6b7,SRR_RL_DiagReq,SRR_RL_DiagReqData6,55,8,,Diag_CAN,0x6b7,SRR_RL_DiagReq,SRR_RL_DiagReqData6,55,8,,SCF0
CHA6B75508_INF6B75508,Msg,Chassis_CAN,0x6b7,SRR_RL_DiagReq,SRR_RL_DiagReqData6,55,8,,Info_CAN,0x6b7,SRR_RL_DiagReq,SRR_RL_DiagReqData6,55,8,,SCF0
CHA6B76308_DIA6B76308,Msg,Chassis_CAN,0x6b7,SRR_RL_DiagReq,SRR_RL_DiagReqData7,63,8,,Diag_CAN,0x6b7,SRR_RL_DiagReq,SRR_RL_DiagReqData7,63,8,,SCF0
CHA6B76308_INF6B76308,Msg,Chassis_CAN,0x6b7,SRR_RL_DiagReq,SRR_RL_DiagReqData7,63,8,,Info_CAN,0x6b7,SRR_RL_DiagReq,SRR_RL_DiagReqData7,63,8,,SCF0
CHA6C00708_DIA6C00708,Msg,Chassis_CAN,0x6c0,ADAS_DiagReq,ADAS_DiagReqData0,7,8,,Diag_CAN,0x6c0,ADAS_DiagReq,ADAS_DiagReqData0,7,8,,SCF0
CHA6C00708_INF6C00708,Msg,Chassis_CAN,0x6c0,ADAS_DiagReq,ADAS_DiagReqData0,7,8,,Info_CAN,0x6c0,ADAS_DiagReq,ADAS_DiagReqData0,7,8,,SCF0
CHA6C01508_DIA6C01508,Msg,Chassis_CAN,0x6c0,ADAS_DiagReq,ADAS_DiagReqData1,15,8,,Diag_CAN,0x6c0,ADAS_DiagReq,ADAS_DiagReqData1,15,8,,SCF0
CHA6C01508_INF6C01508,Msg,Chassis_CAN,0x6c0,ADAS_DiagReq,ADAS_DiagReqData1,15,8,,Info_CAN,0x6c0,ADAS_DiagReq,ADAS_DiagReqData1,15,8,,SCF0
CHA6C02308_DIA6C02308,Msg,Chassis_CAN,0x6c0,ADAS_DiagReq,ADAS_DiagReqData2,23,8,,Diag_CAN,0x6c0,ADAS_DiagReq,ADAS_DiagReqData2,23,8,,SCF0
CHA6C02308_INF6C02308,Msg,Chassis_CAN,0x6c0,ADAS_DiagReq,ADAS_DiagReqData2,23,8,,Info_CAN,0x6c0,ADAS_DiagReq,ADAS_DiagReqData2,23,8,,SCF0
CHA6C03108_DIA6C03108,Msg,Chassis_CAN,0x6c0,ADAS_DiagReq,ADAS_DiagReqData3,31,8,,Diag_CAN,0x6c0,ADAS_DiagReq,ADAS_DiagReqData3,31,8,,SCF0
CHA6C03108_INF6C03108,Msg,Chassis_CAN,0x6c0,ADAS_DiagReq,ADAS_DiagReqData3,31,8,,Info_CAN,0x6c0,ADAS_DiagReq,ADAS_DiagReqData3,31,8,,SCF0
CHA6C03908_DIA6C03908,Msg,Chassis_CAN,0x6c0,ADAS_DiagReq,ADAS_DiagReqData4,39,8,,Diag_CAN,0x6c0,ADAS_DiagReq,ADAS_DiagReqData4,39,8,,SCF0
CHA6C03908_INF6C03908,Msg,Chassis_CAN,0x6c0,ADAS_DiagReq,ADAS_DiagReqData4,39,8,,Info_CAN,0x6c0,ADAS_DiagReq,ADAS_DiagReqData4,39,8,,SCF0
CHA6C04708_DIA6C04708,Msg,Chassis_CAN,0x6c0,ADAS_DiagReq,ADAS_DiagReqData5,47,8,,Diag_CAN,0x6c0,ADAS_DiagReq,ADAS_DiagReqData5,47,8,,SCF0
CHA6C04708_INF6C04708,Msg,Chassis_CAN,0x6c0,ADAS_DiagReq,ADAS_DiagReqData5,47,8,,Info_CAN,0x6c0,ADAS_DiagReq,ADAS_DiagReqData5,47,8,,SCF0
CHA6C05508_DIA6C05508,Msg,Chassis_CAN,0x6c0,ADAS_DiagReq,ADAS_DiagReqData6,55,8,,Diag_CAN,0x6c0,ADAS_DiagReq,ADAS_DiagReqData6,55,8,,SCF0
CHA6C05508_INF6C05508,Msg,Chassis_CAN,0x6c0,ADAS_DiagReq,ADAS_DiagReqData6,55,8,,Info_CAN,0x6c0,ADAS_DiagReq,ADAS_DiagReqData6,55,8,,SCF0
CHA6C06308_DIA6C06308,Msg,Chassis_CAN,0x6c0,ADAS_DiagReq,ADAS_DiagReqData7,63,8,,Diag_CAN,0x6c0,ADAS_DiagReq,ADAS_DiagReqData7,63,8,,SCF0
CHA6C06308_INF6C06308,Msg,Chassis_CAN,0x6c0,ADAS_DiagReq,ADAS_DiagReqData7,63,8,,Info_CAN,0x6c0,ADAS_DiagReq,ADAS_DiagReqData7,63,8,,SCF0
CHA6EF0708_DIA6EF0708,Msg,Chassis_CAN,0x6ef,DIAG_Req_All_CAN,DiagReqAllCANData0,7,8,,Diag_CAN,0x6ef,DIAG_Req_All_CAN,DiagReqAllCANData0,7,8,,SCF0
CHA6EF1508_DIA6EF1508,Msg,Chassis_CAN,0x6ef,DIAG_Req_All_CAN,DiagReqAllCANData1,15,8,,Diag_CAN,0x6ef,DIAG_Req_All_CAN,DiagReqAllCANData1,15,8,,SCF0
CHA6EF2308_DIA6EF2308,Msg,Chassis_CAN,0x6ef,DIAG_Req_All_CAN,DiagReqAllCANData2,23,8,,Diag_CAN,0x6ef,DIAG_Req_All_CAN,DiagReqAllCANData2,23,8,,SCF0
CHA6EF3108_DIA6EF3108,Msg,Chassis_CAN,0x6ef,DIAG_Req_All_CAN,DiagReqAllCANData3,31,8,,Diag_CAN,0x6ef,DIAG_Req_All_CAN,DiagReqAllCANData3,31,8,,SCF0
CHA6EF3908_DIA6EF3908,Msg,Chassis_CAN,0x6ef,DIAG_Req_All_CAN,DiagReqAllCANData4,39,8,,Diag_CAN,0x6ef,DIAG_Req_All_CAN,DiagReqAllCANData4,39,8,,SCF0
CHA6EF4708_DIA6EF4708,Msg,Chassis_CAN,0x6ef,DIAG_Req_All_CAN,DiagReqAllCANData5,47,8,,Diag_CAN,0x6ef,DIAG_Req_All_CAN,DiagReqAllCANData5,47,8,,SCF0
CHA6EF5508_DIA6EF5508,Msg,Chassis_CAN,0x6ef,DIAG_Req_All_CAN,DiagReqAllCANData6,55,8,,Diag_CAN,0x6ef,DIAG_Req_All_CAN,DiagReqAllCANData6,55,8,,SCF0
CHA6EF6308_DIA6EF6308,Msg,Chassis_CAN,0x6ef,DIAG_Req_All_CAN,DiagReqAllCANData7,63,8,,Diag_CAN,0x6ef,DIAG_Req_All_CAN,DiagReqAllCANData7,63,8,,SCF0
CHA6FF0708_DIA6FF0708,Msg,Chassis_CAN,0x6ff,DIAG_Req_All_Ecu,DiagReqAllEcuData0,7,8,,Diag_CAN,0x6ff,DIAG_Req_All_Ecu,DiagReqAllEcuData0,7,8,,SCF0
CHA6FF0708_INF6EE0708,Msg,Chassis_CAN,0x6ff,DIAG_Req_All_Ecu,DiagReqAllEcuData0,7,8,,Info_CAN,0x6ee,MHU_FOTA_ReqAll,MHU_FOTA_ReqAll_00,7,8,,SCF0
CHA6FF1508_DIA6FF1508,Msg,Chassis_CAN,0x6ff,DIAG_Req_All_Ecu,DiagReqAllEcuData1,15,8,,Diag_CAN,0x6ff,DIAG_Req_All_Ecu,DiagReqAllEcuData1,15,8,,SCF0
CHA6FF1508_INF6EE1508,Msg,Chassis_CAN,0x6ff,DIAG_Req_All_Ecu,DiagReqAllEcuData1,15,8,,Info_CAN,0x6ee,MHU_FOTA_ReqAll,MHU_FOTA_ReqAll_01,15,8,,SCF0
CHA6FF2308_DIA6FF2308,Msg,Chassis_CAN,0x6ff,DIAG_Req_All_Ecu,DiagReqAllEcuData2,23,8,,Diag_CAN,0x6ff,DIAG_Req_All_Ecu,DiagReqAllEcuData2,23,8,,SCF0
CHA6FF2308_INF6EE2308,Msg,Chassis_CAN,0x6ff,DIAG_Req_All_Ecu,DiagReqAllEcuData2,23,8,,Info_CAN,0x6ee,MHU_FOTA_ReqAll,MHU_FOTA_ReqAll_02,23,8,,SCF0
CHA6FF3108_DIA6FF3108,Msg,Chassis_CAN,0x6ff,DIAG_Req_All_Ecu,DiagReqAllEcuData3,31,8,,Diag_CAN,0x6ff,DIAG_Req_All_Ecu,DiagReqAllEcuData3,31,8,,SCF0
CHA6FF3108_INF6EE3108,Msg,Chassis_CAN,0x6ff,DIAG_Req_All_Ecu,DiagReqAllEcuData3,31,8,,Info_CAN,0x6ee,MHU_FOTA_ReqAll,MHU_FOTA_ReqAll_03,31,8,,SCF0
CHA6FF3908_DIA6FF3908,Msg,Chassis_CAN,0x6ff,DIAG_Req_All_Ecu,DiagReqAllEcuData4,39,8,,Diag_CAN,0x6ff,DIAG_Req_All_Ecu,DiagReqAllEcuData4,39,8,,SCF0
CHA6FF3908_INF6EE3908,Msg,Chassis_CAN,0x6ff,DIAG_Req_All_Ecu,DiagReqAllEcuData4,39,8,,Info_CAN,0x6ee,MHU_FOTA_ReqAll,MHU_FOTA_ReqAll_04,39,8,,SCF0
CHA6FF4708_DIA6FF4708,Msg,Chassis_CAN,0x6ff,DIAG_Req_All_Ecu,DiagReqAllEcuData5,47,8,,Diag_CAN,0x6ff,DIAG_Req_All_Ecu,DiagReqAllEcuData5,47,8,,SCF0
CHA6FF4708_INF6EE4708,Msg,Chassis_CAN,0x6ff,DIAG_Req_All_Ecu,DiagReqAllEcuData5,47,8,,Info_CAN,0x6ee,MHU_FOTA_ReqAll,MHU_FOTA_ReqAll_05,47,8,,SCF0
CHA6FF5508_DIA6FF5508,Msg,Chassis_CAN,0x6ff,DIAG_Req_All_Ecu,DiagReqAllEcuData6,55,8,,Diag_CAN,0x6ff,DIAG_Req_All_Ecu,DiagReqAllEcuData6,55,8,,SCF0
CHA6FF5508_INF6EE5508,Msg,Chassis_CAN,0x6ff,DIAG_Req_All_Ecu,DiagReqAllEcuData6,55,8,,Info_CAN,0x6ee,MHU_FOTA_ReqAll,MHU_FOTA_ReqAll_06,55,8,,SCF0
CHA6FF6308_DIA6FF6308,Msg,Chassis_CAN,0x6ff,DIAG_Req_All_Ecu,DiagReqAllEcuData7,63,8,,Diag_CAN,0x6ff,DIAG_Req_All_Ecu,DiagReqAllEcuData7,63,8,,SCF0
CHA6FF6308_INF6EE6308,Msg,Chassis_CAN,0x6ff,DIAG_Req_All_Ecu,DiagReqAllEcuData7,63,8,,Info_CAN,0x6ee,MHU_FOTA_ReqAll,MHU_FOTA_ReqAll_07,63,8,,SCF0
CHA7DF0708_DIA6FF0708,Msg,Chassis_CAN,0x7df,Diag_Request_ECU,Diag_Request_ECU_Data0,7,8,,Diag_CAN,0x6ff,DIAG_Req_All_Ecu,DiagReqAllEcuData0,7,8,,SCF0
CHA7DF0708_INF6EE0708,Msg,Chassis_CAN,0x7df,Diag_Request_ECU,Diag_Request_ECU_Data0,7,8,,Info_CAN,0x6ee,MHU_FOTA_ReqAll,MHU_FOTA_ReqAll_00,7,8,,SCF0
CHA7DF1508_DIA6FF1508,Msg,Chassis_CAN,0x7df,Diag_Request_ECU,Diag_Request_ECU_Data1,15,8,,Diag_CAN,0x6ff,DIAG_Req_All_Ecu,DiagReqAllEcuData1,15,8,,SCF0
CHA7DF1508_INF6EE1508,Msg,Chassis_CAN,0x7df,Diag_Request_ECU,Diag_Request_ECU_Data1,15,8,,Info_CAN,0x6ee,MHU_FOTA_ReqAll,MHU_FOTA_ReqAll_01,15,8,,SCF0
CHA7DF2308_DIA6FF2308,Msg,Chassis_CAN,0x7df,Diag_Request_ECU,Diag_Request_ECU_Data2,23,8,,Diag_CAN,0x6ff,DIAG_Req_All_Ecu,DiagReqAllEcuData2,23,8,,SCF0
CHA7DF2308_INF6EE2308,Msg,Chassis_CAN,0x7df,Diag_Request_ECU,Diag_Request_ECU_Data2,23,8,,Info_CAN,0x6ee,MHU_FOTA_ReqAll,MHU_FOTA_ReqAll_02,23,8,,SCF0
CHA7DF3108_DIA6FF3108,Msg,Chassis_CAN,0x7df,Diag_Request_ECU,Diag_Request_ECU_Data3,31,8,,Diag_CAN,0x6ff,DIAG_Req_All_Ecu,DiagReqAllEcuData3,31,8,,SCF0
CHA7DF3108_INF6EE3108,Msg,Chassis_CAN,0x7df,Diag_Request_ECU,Diag_Request_ECU_Data3,31,8,,Info_CAN,0x6ee,MHU_FOTA_ReqAll,MHU_FOTA_ReqAll_03,31,8,,SCF0
CHA7DF3908_DIA6FF3908,Msg,Chassis_CAN,0x7df,Diag_Request_ECU,Diag_Request_ECU_Data4,39,8,,Diag_CAN,0x6ff,DIAG_Req_All_Ecu,DiagReqAllEcuData4,39,8,,SCF0
CHA7DF3908_INF6EE3908,Msg,Chassis_CAN,0x7df,Diag_Request_ECU,Diag_Request_ECU_Data4,39,8,,Info_CAN,0x6ee,MHU_FOTA_ReqAll,MHU_FOTA_ReqAll_04,39,8,,SCF0
CHA7DF4708_DIA6FF4708,Msg,Chassis_CAN,0x7df,Diag_Request_ECU,Diag_Request_ECU_Data5,47,8,,Diag_CAN,0x6ff,DIAG_Req_All_Ecu,DiagReqAllEcuData5,47,8,,SCF0
CHA7DF4708_INF6EE4708,Msg,Chassis_CAN,0x7df,Diag_Request_ECU,Diag_Request_ECU_Data5,47,8,,Info_CAN,0x6ee,MHU_FOTA_ReqAll,MHU_FOTA_ReqAll_05,47,8,,SCF0
CHA7DF5508_DIA6FF5508,Msg,Chassis_CAN,0x7df,Diag_Request_ECU,Diag_Request_ECU_Data6,55,8,,Diag_CAN,0x6ff,DIAG_Req_All_Ecu,DiagReqAllEcuData6,55,8,,SCF0
CHA7DF5508_INF6EE5508,Msg,Chassis_CAN,0x7df,Diag_Request_ECU,Diag_Request_ECU_Data6,55,8,,Info_CAN,0x6ee,MHU_FOTA_ReqAll,MHU_FOTA_ReqAll_06,55,8,,SCF0
CHA7DF6308_DIA6FF6308,Msg,Chassis_CAN,0x7df,Diag_Request_ECU,Diag_Request_ECU_Data7,63,8,,Diag_CAN,0x6ff,DIAG_Req_All_Ecu,DiagReqAllEcuData7,63,8,,SCF0
CHA7DF6308_INF6EE6308,Msg,Chassis_CAN,0x7df,Diag_Request_ECU,Diag_Request_ECU_Data7,63,8,,Info_CAN,0x6ee,MHU_FOTA_ReqAll,MHU_FOTA_ReqAll_07,63,8,,SCF0
